100010000000,c8y_LogfileRequest
100010000001,c8y_LogfileRequest
100010000005,c8y_LogfileRequest
100010000004,c8y_LogfileRequest
100010000006,c8y_LogfileRequest
100010000007,c8y_LogfileRequest
100020000000,c8y_LogfileRequest
100020000001,c8y_LogfileRequest
100020000008,c8y_LogfileRequest
100020000005,c8y_LogfileRequest
100020000003,c8y_LogfileRequest
100020000004,c8y_LogfileRequest
100020000006,c8y_LogfileRequest
100020000007,c8y_LogfileRequest
100020000002,c8y_LogfileRequest
100010000000,c8y_DownloadConfigFile
100010000001,c8y_DownloadConfigFile
100010000005,c8y_DownloadConfigFile
100010000004,c8y_DownloadConfigFile
100010000006,c8y_DownloadConfigFile
100010000007,c8y_DownloadConfigFile
100020000000,c8y_DownloadConfigFile
100020000001,c8y_DownloadConfigFile
100020000008,c8y_DownloadConfigFile
100020000005,c8y_DownloadConfigFile
100020000003,c8y_DownloadConfigFile
100020000004,c8y_DownloadConfigFile
100020000006,c8y_DownloadConfigFile
100020000007,c8y_DownloadConfigFile
100020000002,c8y_DownloadConfigFile
100010000000,c8y_Firmware
100010000001,c8y_Firmware
100010000005,c8y_Firmware
100010000004,c8y_Firmware
100010000006,c8y_Firmware
100010000007,c8y_Firmware
100020000000,c8y_Firmware
100020000001,c8y_Firmware
100020000008,c8y_Firmware
100020000005,c8y_Firmware
100020000003,c8y_Firmware
100020000004,c8y_Firmware
100020000006,c8y_Firmware
100020000007,c8y_Firmware
100020000002,c8y_Firmware